Skip to content,#content,
,https://www.google.com/search?q=L%C3%B6wen+Apotheke&stick=H4sIAAAAAAAA_-NgU1I1qDAxtzQ3TDMxTko1SkxMMk2yMqhIS0wyMkoyMbI0NU1JSjJOW8TK73N4W3lqnoJjQX5JRmp2KgC_aNbvOwAAAA&hl=de&mat=CYTMSQGOeUmWElcBNqvzOl67uzohh0pr5E5lkfzGBJfqzcorHpVpUEZDFnAFYoc7b0nU8SiOEfSqJJ6EvD-tVj_9c6M35Kawrx0UvPQW0rHRdHcHEVbGAuQeyZiITLzOasg&authuser=0,_blank
,https://www.instagram.com/loewen_apotheke_24/,_blank
,mailto:info@loewen-apotheke24.de,_blank
,tel:00 49 7221 395 374,_blank
,https://www.loewen-apotheke24.com/de/,
Angebot,https://www.loewen-apotheke24.com/de/product_cat/angebot/,
Produkte,https://www.loewen-apotheke24.com/de/,
Abnehmen & Fitness,https://www.loewen-apotheke24.com/de/product_tag/abnehmen/,
Allergie,https://www.loewen-apotheke24.com/de/product_tag/allergie/,
Corona & Immunabwehr,https://www.loewen-apotheke24.com/de/product_tag/corona/,
Grippe & Erkältung,https://www.loewen-apotheke24.com/de/product_tag/grippe/,
Kosmetik,https://www.loewen-apotheke24.com/de/product_tag/kosmetik/,
Muskeln, Knochen & Gelenke,https://www.loewen-apotheke24.com/de/product_tag/muskeln/,
Reiseapotheke,https://www.loewen-apotheke24.com/de/product_tag/reiseapotheke/,
Vitamine & Mineralien,https://www.loewen-apotheke24.com/de/product_tag/vitamine-mineralien/,
Marken,https://www.loewen-apotheke24.com/de/product_cat/marke/,
DHU,https://www.loewen-apotheke24.com/de/product_cat/dhu/,
Dr. Schwabe,https://www.loewen-apotheke24.com/de/product_cat/schwabe/,
Eucerin,https://www.loewen-apotheke24.com/de/product_cat/eucerin/,
Heel,https://www.loewen-apotheke24.com/de/product_cat/heel/,
Hevert,https://www.loewen-apotheke24.com/de/product_cat/hevert/,
Labo Life,https://www.loewen-apotheke24.com/de/product_cat/labo-life/,
Löwen Apotheke Eigenherstellungen,https://www.loewen-apotheke24.com/de/product_cat/loewen-apotheke/,
Mein Schüssler Salz,https://www.loewen-apotheke24.com/de/product_cat/mein-schuessler-salz/,
NatuGena,https://www.loewen-apotheke24.com/de/product_cat/natugena/,
Orthomol,https://www.loewen-apotheke24.com/de/product_cat/orthomol/,
Pekana,https://www.loewen-apotheke24.com/de/product_cat/pekana/,
Pflüger,https://www.loewen-apotheke24.com/de/product_cat/pflueger/,
Stada,https://www.loewen-apotheke24.com/de/product_cat/stada/,
vitOrgan,https://www.loewen-apotheke24.com/de/product_cat/vitorgan/,
Wala Arzneimittel,https://www.loewen-apotheke24.com/de/product_cat/wala-arzneimittel/,
Beratung,https://www.loewen-apotheke24.com/herstellungen/,
Arzneimittel Lieferservice,https://www.loewen-apotheke24.com/de/arzneimittel-lieferservice-rezepte/,
Corona-Antikörper Test 2019-nCoV RBD,https://www.loewen-apotheke24.com/de/corona-antikoerper-test/,
Corona Schnelltest,https://www.loewen-apotheke24.com/de/corona-schnelltest-baden-baden/,
Digitaler Impfpass,https://www.loewen-apotheke24.com/de/digitaler-impfpass/,
Long Covid – Ursachen – Was tun?,https://www.loewen-apotheke24.com/de/long-covid-ursachen-was-tun/,
Meine Herstellungen,https://www.loewen-apotheke24.com/de/herstellungen/,
Mein Schüssler Salz Mixer,https://www.loewen-apotheke24.com/de/schuessler-salz-mixer/,
Corona Services,https://www.loewen-apotheke24.com/de/product_tag/corona/,
Antigen-Schnelltest Produkte,https://www.loewen-apotheke24.com/de/product_tag/antigen-schnelltest/,
Digitaler Impfpass – Baden-Baden,https://www.loewen-apotheke24.com/de/digitaler-impfpass/,
Genesenenzertifikat,https://www.loewen-apotheke24.com/de/genesenenzertifikat-digitaler-impfpass/,
Long Covid & EBV – Ursachen – Was tun?,https://www.loewen-apotheke24.com/de/long-covid-ursachen-was-tun/,
Immunstärkung,https://www.loewen-apotheke24.com/de/product_tag/corona/,
Warenkorb,https://www.loewen-apotheke24.com/de/cart/,
Angebot,https://www.loewen-apotheke24.com/de/product_cat/angebot/,
Produkte,https://www.loewen-apotheke24.com/de/,
Abnehmen & Fitness,https://www.loewen-apotheke24.com/de/product_tag/abnehmen/,
Allergie,https://www.loewen-apotheke24.com/de/product_tag/allergie/,
Corona & Immunabwehr,https://www.loewen-apotheke24.com/de/product_tag/corona/,
Grippe & Erkältung,https://www.loewen-apotheke24.com/de/product_tag/grippe/,
Kosmetik,https://www.loewen-apotheke24.com/de/product_tag/kosmetik/,
Muskeln, Knochen & Gelenke,https://www.loewen-apotheke24.com/de/product_tag/muskeln/,
Reiseapotheke,https://www.loewen-apotheke24.com/de/product_tag/reiseapotheke/,
Vitamine & Mineralien,https://www.loewen-apotheke24.com/de/product_tag/vitamine-mineralien/,
Marken,https://www.loewen-apotheke24.com/de/product_cat/marke/,
DHU,https://www.loewen-apotheke24.com/de/product_cat/dhu/,
Dr. Schwabe,https://www.loewen-apotheke24.com/de/product_cat/schwabe/,
Eucerin,https://www.loewen-apotheke24.com/de/product_cat/eucerin/,
Heel,https://www.loewen-apotheke24.com/de/product_cat/heel/,
Hevert,https://www.loewen-apotheke24.com/de/product_cat/hevert/,
Labo Life,https://www.loewen-apotheke24.com/de/product_cat/labo-life/,
Löwen Apotheke Eigenherstellungen,https://www.loewen-apotheke24.com/de/product_cat/loewen-apotheke/,
Mein Schüssler Salz,https://www.loewen-apotheke24.com/de/product_cat/mein-schuessler-salz/,
NatuGena,https://www.loewen-apotheke24.com/de/product_cat/natugena/,
Orthomol,https://www.loewen-apotheke24.com/de/product_cat/orthomol/,
Pekana,https://www.loewen-apotheke24.com/de/product_cat/pekana/,
Pflüger,https://www.loewen-apotheke24.com/de/product_cat/pflueger/,
Stada,https://www.loewen-apotheke24.com/de/product_cat/stada/,
vitOrgan,https://www.loewen-apotheke24.com/de/product_cat/vitorgan/,
Wala Arzneimittel,https://www.loewen-apotheke24.com/de/product_cat/wala-arzneimittel/,
Beratung,https://www.loewen-apotheke24.com/herstellungen/,
Arzneimittel Lieferservice,https://www.loewen-apotheke24.com/de/arzneimittel-lieferservice-rezepte/,
Corona-Antikörper Test 2019-nCoV RBD,https://www.loewen-apotheke24.com/de/corona-antikoerper-test/,
Corona Schnelltest,https://www.loewen-apotheke24.com/de/corona-schnelltest-baden-baden/,
Digitaler Impfpass,https://www.loewen-apotheke24.com/de/digitaler-impfpass/,
Long Covid – Ursachen – Was tun?,https://www.loewen-apotheke24.com/de/long-covid-ursachen-was-tun/,
Meine Herstellungen,https://www.loewen-apotheke24.com/de/herstellungen/,
Mein Schüssler Salz Mixer,https://www.loewen-apotheke24.com/de/schuessler-salz-mixer/,
Corona Services,https://www.loewen-apotheke24.com/de/product_tag/corona/,
Antigen-Schnelltest Produkte,https://www.loewen-apotheke24.com/de/product_tag/antigen-schnelltest/,
Digitaler Impfpass – Baden-Baden,https://www.loewen-apotheke24.com/de/digitaler-impfpass/,
Genesenenzertifikat,https://www.loewen-apotheke24.com/de/genesenenzertifikat-digitaler-impfpass/,
Long Covid & EBV – Ursachen – Was tun?,https://www.loewen-apotheke24.com/de/long-covid-ursachen-was-tun/,
Immunstärkung,https://www.loewen-apotheke24.com/de/product_tag/corona/,
Warenkorb,https://www.loewen-apotheke24.com/de/cart/,
,https://www.loewen-apotheke24.com/de/product_tag/sonnenschutz/,
,https://www.loewen-apotheke24.com/shop/mein-schuessler-salz/mein-schuessler-salz-energie/,
,https://www.loewen-apotheke24.com/product_tag/corona-schnelltest/,
,https://www.loewen-apotheke24.com/product_tag/fitness/,
,https://www.loewen-apotheke24.com/de/schuessler-salz-mixer/,
,https://www.loewen-apotheke24.com/de/shop/schwabe/tebonin-intens-120-mg-filmtabletten-60-st/,
Tebonin intens 120 mg Filmtabletten 60 St.,https://www.loewen-apotheke24.com/de/shop/schwabe/tebonin-intens-120-mg-filmtabletten-60-st/,
,https://www.loewen-apotheke24.com/de/shop/angebot/orthomol-sport-trinkflaeschchen-30-st/,
Orthomol Sport Trinkfläschchen 30 St.,https://www.loewen-apotheke24.com/de/shop/angebot/orthomol-sport-trinkflaeschchen-30-st/,
,https://www.loewen-apotheke24.com/de/shop/angebot/linola-sept-mund-und-rachenspuelung/,
Linola sept Mund- und Rachenspülung,https://www.loewen-apotheke24.com/de/shop/angebot/linola-sept-mund-und-rachenspuelung/,
,https://www.loewen-apotheke24.com/de/shop/angebot/hotgen-antigen-schnelltest-fuer-laien/,
Hotgen Antigen Schnelltest für Laien – Coronavirus (SARS-CoV-2),https://www.loewen-apotheke24.com/de/shop/angebot/hotgen-antigen-schnelltest-fuer-laien/,
,https://www.loewen-apotheke24.com/de/product_cat/eucerin/,
,https://www.loewen-apotheke24.com/de/product_cat/orthomol/,
,https://www.loewen-apotheke24.com/de/product_cat/schwabe/,
,https://www.loewen-apotheke24.com/de/product_cat/heel/,
,https://www.loewen-apotheke24.com/de/product_cat/vitorgan/,
,https://www.loewen-apotheke24.com/de/product_cat/mein-schuessler-salz/,
,https://www.loewen-apotheke24.com/product_cat/labo-life/,
,https://www.loewen-apotheke24.com/product_cat/pekana/,
Allergie & Asthma,https://www.loewen-apotheke24.com/product_tag/allergie/,
Glieder- & Rückenschmerzen,https://www.loewen-apotheke24.com/de/product_tag/gelenke/,
Pflanzliche Wirkstoffe,https://www.loewen-apotheke24.com/de/product_tag/pflanzlicher-wirkstoff/,
Beratung,https://www.loewen-apotheke24.com/de/herstellungen/,
Erkältung & Grippe,https://www.loewen-apotheke24.com/de/product_tag/erkaeltung/,
Kopfschmerzen,https://www.loewen-apotheke24.com/de/product_tag/migrane/,
Mikroimmuntherapie,https://www.loewen-apotheke24.com/de/product_tag/mikroimmuntherapie/,
Rezepte,https://www.loewen-apotheke24.com/de/rezepte-einloesen/,
Fieber,https://www.loewen-apotheke24.com/de/product_tag/fieber/,
Bachblüten,https://www.loewen-apotheke24.com/de/product_tag/bachblueten/,
Herstellung,https://www.loewen-apotheke24.com/de/herstellungen/,
Augentropfen,https://www.loewen-apotheke24.com/de/product_tag/augentropfen/,
Entzündungen,https://www.loewen-apotheke24.com/de/product_tag/entzuendung/,
Globuli,https://www.loewen-apotheke24.com/de/product_tag/globuli/,
Angebote,https://www.loewen-apotheke24.com/de/product_cat/angebot/,
Corona – Antigen Schnelltest,https://www.loewen-apotheke24.com/de/product_tag/corona-schnelltest/,
Schlafstörung,https://www.loewen-apotheke24.com/de/product_tag/schlafstoerung/,
Schüssler Salze,https://www.loewen-apotheke24.com/de/schuessler-salz-mixer/,
Covid Schnelltest Center,https://www.loewen-apotheke24.com/de/corona-schnelltest-baden-baden/,
Click & Collect | Medikamente abholen,https://www.loewen-apotheke24.com/de/arzneimittel-lieferservice-rezepte/,
AGB,https://www.loewen-apotheke24.com/de/agb/,
Bestellhotline,https://www.loewen-apotheke24.com/de/hotline/,
Bezahlung und Zahlungsarten,https://www.loewen-apotheke24.com/de/bezahlung-und-zahlungsarten/,
Mein Konto,https://www.loewen-apotheke24.com/de/my-account-2/,
Mein Schüssler Salz Mixer,https://www.loewen-apotheke24.com/de/schuessler-salz-mixer/,
Mein Schüssler Salz Pulver-Mixer,https://www.loewen-apotheke24.com/de/schuessler-salz-pulver-mix/,
Versand und Versandarten, Rückgaben,https://www.loewen-apotheke24.com/de/versand/,
Widerrufsrecht,https://www.loewen-apotheke24.com/de/widerrufsrecht/,
Zahlungsbedingungen,https://www.loewen-apotheke24.com/de/zahlungsbedingungen/,
Arzneimittel Lieferservice,https://www.loewen-apotheke24.com/de/arzneimittel-lieferservice-rezepte/,
Corona Schnelltest – Baden-Baden,https://www.loewen-apotheke24.com/de/corona-schnelltest-baden-baden/,
Die Immunkarte,https://www.loewen-apotheke24.com/de/die-immunkarte/,
Digitaler Impfpass – Baden-Baden,https://www.loewen-apotheke24.com/de/digitaler-impfpass/,
Long Covid & EBV – Ursachen – Was tun?,https://www.loewen-apotheke24.com/de/long-covid-ursachen-was-tun/,
Sign In / Anmelden,https://www.loewen-apotheke24.com/my-account-2/,
Ihre Online Apotheke – Löwen Apotheke24,https://www.loewen-apotheke24.com/de/ihre-online-apotheke-loewen-apotheke24/,
Impressum,https://www.loewen-apotheke24.com/de/impressum/,
Jobs & Karriere,https://www.loewen-apotheke24.com/de/jobs-karriere/,
Kontakt,https://www.loewen-apotheke24.com/de/kontakt-aufnehmen-loewen-apotheke24-aus-baden-baden-de/,
Löwen Apotheke,https://www.loewen-apotheke24.com/de/loewen-apotheke/,
Kontakt,https://www.loewen-apotheke24.com/kontakt/,
Impressum,https://www.loewen-apotheke24.com/impressum/,
Datenschutzbestimmungen,https://www.loewen-apotheke24.com/datenschutzbestimmungen/,
Mein Schüssler Salz,http://www.meinschuesslersalz.de,_blank
Labo Life,https://www.labolife.com/de,
VitOrgan,http://www.vitorgan.de/,_blank
,https://www.bboost.de,
Praxis Sandra Hoff,https://praxis-sandra-hoff.de,
medvergleich.de,https://www.medvergleich.de,_blank
Mein Schüssler Salz Mixer,https://www.loewen-apotheke24.com/de/schuessler-salz-mixer/,
Meine Herstellungen,https://www.loewen-apotheke24.com/de/herstellungen/,
,https://versandhandel.dimdi.de/websearch/servlet/Gate?accessid=dimdi_var&term=3c387956690121ccc8763184f052b93f,_blank
,https://www.google.com/search?q=L%C3%B6wen+Apotheke&stick=H4sIAAAAAAAA_-NgU1I1qDAxtzQ3TDMxTko1SkxMMk2yMqhIS0wyMkoyMbI0NU1JSjJOW8TK73N4W3lqnoJjQX5JRmp2KgC_aNbvOwAAAA&hl=de&mat=CYTMSQGOeUmWElcBNqvzOl67uzohh0pr5E5lkfzGBJfqzcorHpVpUEZDFnAFYoc7b0nU8SiOEfSqJJ6EvD-tVj_9c6M35Kawrx0UvPQW0rHRdHcHEVbGAuQeyZiITLzOasg&authuser=0,_blank
,https://www.instagram.com/loewen_apotheke_24/,_blank
,mailto:info@loewen-apotheke24.de,_blank
,tel:00 49 7221 395 374,_blank
Deutsch,https://www.loewen-apotheke24.com/de/,
English (Englisch),https://www.loewen-apotheke24.com/en/,
