,/,
About,/about/,
Series,/series/,
Search,/search/,
Join,/join-us/,
Donate,https://www.buymeacoffee.com/hackersslackers,_blank
Home,/,
About,/about/,
Search,/search/,
Python,/tag/python/,
Software,/tag/software-development/,
DevOps,/tag/devops/,
Architecture,/tag/architecture/,
Data Engineering,/tag/dataengineering/,
Pandas,/tag/pandas/,
Data Analysis,/tag/data-analysis/,
Data Science,/tag/datascience/,
REST APIs,/tag/restapis/,
SQL,/tag/sql/,
Code Snippet Corner,/tag/codesnippetcorner/,
Flask,/tag/flask/,
JavaScript,/tag/javascript/,
AWS,/tag/aws/,
NodeJS,/tag/nodejs/,
Build Flask Apps,/series/build-flask-apps/,
Data Analysis with Pandas,/series/data-analysis-pandas/,
Google Cloud Architecture,/series/google-cloud-architecture/,
Learning Apache Spark,/series/learning-apache-spark/,
Create a REST API in AWS,/series/create-an-aws-api/,
GraphQL Tutorials,/series/graphql-hype/,
Hacking Tableau Server,/series/hacking-tableau-server/,
Mastering SQLAlchemy,/series/mastering-sqlalchemy/,
MongoDB Atlas Cloud Architecture,/series/mongodb-cloud/,
Welcome to SQL,/series/welcome-to-sql/,
Working with MySQL,/series/working-with-mysql/,
Mapping Data with Mapbox,/series/mapping-data-with-mapbox/,
Microsoft PowerPivot,/series/microsoft-powerpivot/,
Getting Started with Django,/series/starting-django/,
Python Concurrency with Asyncio,/series/python-concurrency-with-asyncio/,
Web Scraping With Python,/series/web-scraping-with-python/,
Todd Birchard,/author/todd/,
Max Mileaf,/author/snacks/,
Graham Beckley,/author/graham/,
David Aquino,/author/david/,
Matthew Alhonte,/author/matt/,
Ryan Rosado,/author/xodz/,
Paul Armstrong,/author/paul/,
Dylan Castillo,/author/dylan/,
Join,/join-us/,
RSS,/rss.xml,
Donate,https://www.buymeacoffee.com/hackersslackers,_blank
Todd,/author/todd/,
Django,/tag/django,
Creating Interactive Views in Django,/creating-django-views,
Getting Started with Django,/getting-started-django,
last post,https://hackersandslackers.app/getting-started-django/,
Github repository,https://github.com/hackersandslackers/django-views-tutorial,
Django Views Tutorial - Hackers and SlackersFunction and class-based Django view repository.Django Views Tutorial - Hackers and Slackers,https://django.hackersandslackers.app/,
the previous post in this series,https://hackersandslackers.com/getting-started-django/,
https://django.hackersandslackers.app/function_views/get_json/,https://django.hackersandslackers.app/function_views/get_json/,
https://django.hackersandslackers.app/function_views/get_template/,https://django.hackersandslackers.app/function_views/get_template/,
Django Views Tutorial - Hackers and SlackersFunction and class-based Django view repository.Django Views Tutorial - Hackers and Slackers,https://django.hackersandslackers.app/function_views/get_template/,
https://django.hackersandslackers.app/function_views/form/,https://django.hackersandslackers.app/function_views/form/,
https://django.hackersandslackers.app/function_views/form/,https://django.hackersandslackers.app/function_views/form/,
Django Views Tutorial - Hackers and SlackersFunction and class-based Django view repository.Django Views Tutorial - Hackers and Slackers,https://django.hackersandslackers.app/function_views/users/,
query string parameters,https://en.wikipedia.org/wiki/Query_string,
hackersandslackers/django-views-tutorial:rocket: :white_check_mark: Function and class-based Django view repository. - hackersandslackers/django-views-tutorialGitHubhackersandslackers,https://github.com/hackersandslackers/django-views-tutorial,
Django,/tag/django,
Python,/tag/python,
Software,/tag/software-development,
Previous postGetting Started with Django,/getting-started-django,
Todd Birchard,/author/todd/,
Site,https://toddbirchard.com,_blank
Github,https://github.com/toddbirchard,_blank
Twitter,https://twitter.com/toddrbirchard,_blank
Scrape Structured Data with Python and ExtructPython, Scraping,/scrape-metadata-json-ld/,
Package Python Projects the Proper Way with PoetryPython, Software,/python-poetry-package-manager/,
SSH & SCP in Python with ParamikoPython, Automation,/automate-ssh-scp-python-paramiko/,
Sign in to comment,,
Buy me a coffee,https://buymeacoff.ee/hackersslackers/,_blank
,/,
About,/about/,
Series,/series/,
Search,/search/,
Join,/join-us/,
Donate,https://www.buymeacoffee.com/hackersslackers,_blank
Sign up,,
Build Flask Apps,/series/build-flask-apps,
Data Analysis with Pandas,/series/data-analysis-pandas,
Google Cloud Architecture,/series/google-cloud-architecture,
Learning Apache Spark,/series/learning-apache-spark,
Embracing GraphQL,/series/graphql-hype,
Mastering SQLAlchemy,/series/mastering-sqlalchemy,
Welcome to SQL,/series/welcome-to-sql,
Working with MySQL,/series/working-with-mysql,
Todd Birchard,/author/todd,
Max Mileaf,/author/snacks,
Graham Beckley,/author/graham,
David Aquino,/author/david,
Matthew Alhonte,/author/matt,
Ryan Rosado,/author/xodz,
Paul Armstrong,/author/paul,
Dylan Castillo,/author/dylan,
,https://twitter.com/hackersslackers,_blank
,https://github.com/hackersandslackers,_blank
,https://www.buymeacoffee.com/hackersslackers,_blank
,https://medium.com/hacking-and-slacking,_blank
,https://dev.to/hackersandslackers,_blank
,https://hackersandslackers.com/rss.xml,_blank
