,#,

Stack Overflow
,https://stackoverflow.com,
About,https://stackoverflow.co/,

						Products
					,#,
For Teams,/teams,

Stack Overflow
Public questions & answers
,/questions,

Stack Overflow for Teams
Where developers & technologists share private knowledge with coworkers
,/teams,

Talent

								Build your employer brand
							
,https://stackoverflow.co/talent,

Advertising
Reach developers & technologists worldwide
,https://stackoverflow.co/advertising,
About the company,https://stackoverflow.co/,
current community,https://stackoverflow.com,



            Stack Overflow
        
,https://stackoverflow.com,
help,https://stackoverflow.com/help,
chat,https://chat.stackoverflow.com/?tab=site&host=stackoverflow.com,



            Meta Stack Overflow
        
,https://meta.stackoverflow.com,
Sign up,https://stackoverflow.com/users/signup?ssrc=site_switcher&returnurl=https%3a%2f%2fstackoverflow.com%2fquestions%2f9667138%2fhow-to-update-sqlalchemy-row-entry,
log in,https://stackoverflow.com/users/login?ssrc=site_switcher&returnurl=https%3a%2f%2fstackoverflow.com%2fquestions%2f9667138%2fhow-to-update-sqlalchemy-row-entry,
more stack exchange communities,https://stackexchange.com/sites,
company blog,https://stackoverflow.blog,
Log in,https://stackoverflow.com/users/login?ssrc=head&returnurl=https%3a%2f%2fstackoverflow.com%2fquestions%2f9667138%2fhow-to-update-sqlalchemy-row-entry,
Sign up,https://stackoverflow.com/users/signup?ssrc=head&returnurl=https%3a%2f%2fstackoverflow.com%2fquestions%2f9667138%2fhow-to-update-sqlalchemy-row-entry,



                    Home
                

,/,

 Questions
,/questions,



                    Tags
                

,/tags,



                    Users
                

,/users,



                    Companies
                

,https://stackoverflow.com/jobs/companies?so_medium=stackoverflow&so_source=SiteNav,


,javascript:void(0),

 Explore Collectives
,/collectives,
Create a free Team,https://try.stackoverflow.co/why-teams/?utm_source=so-owned&utm_medium=side-bar&utm_campaign=campaign-38&utm_content=cta,
Why Teams?,https://stackoverflow.co/teams,


,javascript:void(0),









                            Create free Team
                        

,https://stackoverflowteams.com/teams/create/free?utm_source=so-owned&utm_medium=side-bar&utm_campaign=campaign-38&utm_content=cta,

                    Learn more about Collectives
                ,/collectives,

                    Learn more about Teams
                ,https://stackoverflow.co/teams,
How to update SQLAlchemy row entry?,/questions/9667138/how-to-update-sqlalchemy-row-entry,

        Ask Question
    ,/questions/ask,
4 months ago,?lastactivity,
,/posts/9667138/timeline,
python,/questions/tagged/python,
sqlalchemy,/questions/tagged/sqlalchemy,
flask-sqlalchemy,/questions/tagged/flask-sqlalchemy,
Share,/q/9667138,
Improve this question,/posts/9667138/edit,
edited Sep 10, 2019 at 15:10,/posts/9667138/revisions,
,/users/5446749/vvvvv,
vvvvv,/users/5446749/vvvvv,
,/users/246365/webminal-org,
webminal.org,/users/246365/webminal-org,
Add a comment,#,
,#,
,,

            Reset to default
        ,/questions/9667138/how-to-update-sqlalchemy-row-entry?answertab=scoredesc#tab-top,
,,
,/posts/26920108/timeline,
Share,/a/26920108,
Improve this answer,/posts/26920108/edit,
edited Mar 16 at 20:28,/posts/26920108/revisions,
,/users/3775493/nuno-andr%c3%a9,
Nuno André,/users/3775493/nuno-andr%c3%a9,
,/users/1952158/nima-soroush,
Nima Soroush,/users/1952158/nima-soroush,
Marc,/users/860715/marc,
Nima Soroush,/users/1952158/nima-soroush,
Hatshepsut,/users/3346095/hatshepsut,
groups.google.com/forum/#!topic/sqlalchemy/wGUuAy27otM,https://groups.google.com/forum/#!topic/sqlalchemy/wGUuAy27otM,
Vikas Prasad,/users/1781024/vikas-prasad,
venkat,/users/5822768/venkat,
,#,
Show 4 more comments,#,
,,
,/posts/9667308/timeline,
Share,/a/9667308,
Improve this answer,/posts/9667308/edit,
,/users/438882/denis,
Denis,/users/438882/denis,
stackoverflow.com/a/2334917/125507,http://stackoverflow.com/a/2334917/125507,
endolith,/users/125507/endolith,
ChaimG,/users/2529619/chaimg,
Ilja Everilä,/users/2681632/ilja-everil%c3%a4,
Ilja Everilä,/users/2681632/ilja-everil%c3%a4,
Ilja Everilä,/users/2681632/ilja-everil%c3%a4,
,#,
Show 2 more comments,#,
,,
,/posts/57743964/timeline,
Share,/a/57743964,
Improve this answer,/posts/57743964/edit,
edited Sep 1, 2019 at 7:32,/posts/57743964/revisions,
,/users/5405967/marredcheese,
MarredCheese,/users/5405967/marredcheese,
BHA Bilel,/users/8761799/bha-bilel,
docs.sqlalchemy.org/en/13/orm/…,https://docs.sqlalchemy.org/en/13/orm/tutorial.html#adding-and-updating-objects,
MarredCheese,/users/5405967/marredcheese,
BHA Bilel,/users/8761799/bha-bilel,
Add a comment,#,
,#,
,,
,/posts/9667444/timeline,
Share,/a/9667444,
Improve this answer,/posts/9667444/edit,
,/users/243031/nilesh,
Nilesh,/users/243031/nilesh,
Add a comment,#,
,#,
,,
,/posts/54531989/timeline,
SQLAlchemy: What's the difference between flush() and commit()?,https://stackoverflow.com/questions/4201455/sqlalchemy-whats-the-difference-between-flush-and-commit,
Share,/a/54531989,
Improve this answer,/posts/54531989/edit,
edited Sep 1, 2019 at 6:10,/posts/54531989/revisions,
,/users/5405967/marredcheese,
MarredCheese,/users/5405967/marredcheese,
,/users/8390086/andrew-lutsyuk,
Andrew Lutsyuk,/users/8390086/andrew-lutsyuk,
Ilja Everilä,/users/2681632/ilja-everil%c3%a4,
Add a comment,#,
,#,
,,
,/posts/73386738/timeline,
Share,/a/73386738,
Improve this answer,/posts/73386738/edit,
edited Aug 17 at 11:27,/posts/73386738/revisions,
,/users/4433157/david-mendes,
David Mendes,/users/4433157/david-mendes,
Add a comment,#,
,#,
,,
tips on writing great answers,/help/how-to-answer,
log in,/users/login?ssrc=question_page&returnurl=https%3a%2f%2fstackoverflow.com%2fquestions%2f9667138%2fhow-to-update-sqlalchemy-row-entry%23new-answer,
terms of service,https://stackoverflow.com/legal/terms-of-service/public,_blank
privacy policy,https://stackoverflow.com/legal/privacy-policy,_blank
cookie policy,https://stackoverflow.com/legal/cookie-policy,_blank
python,/questions/tagged/python,
sqlalchemy,/questions/tagged/sqlalchemy,
flask-sqlalchemy,/questions/tagged/flask-sqlalchemy,
ask your own question,/questions/ask,
Job insights from the tech community: The latest survey results from Stack...,https://stackoverflow.blog/2022/12/15/job-insights-from-the-tech-community-the-latest-survey-results-from-stack-overflow-knows/,
An honest end-of-year rundown (Ep. 518),https://stackoverflow.blog/2022/12/16/an-honest-end-of-year-rundown-ep-518/,
Help us identify new roles for community members,https://meta.stackexchange.com/questions/384169/help-us-identify-new-roles-for-community-members,
Navigation and UI research starting soon,https://meta.stackexchange.com/questions/384406/navigation-and-ui-research-starting-soon,
2022 Community Moderator Election Results - now with two more mods!,https://meta.stackoverflow.com/questions/421619/2022-community-moderator-election-results-now-with-two-more-mods,
Proposing a Community-Specific Closure Reason for non-English content,https://meta.stackoverflow.com/questions/422034/proposing-a-community-specific-closure-reason-for-non-english-content,
I'm standing down as a moderator,https://meta.stackoverflow.com/questions/422180/im-standing-down-as-a-moderator,
Temporary policy: ChatGPT is banned,https://meta.stackoverflow.com/questions/421831/temporary-policy-chatgpt-is-banned,

1
,/q/47581181,
How to update row using Flask-SQLAlchemy?,/questions/47581181/how-to-update-row-using-flask-sqlalchemy?noredirect=1,

612
,/q/4201455,
SQLAlchemy: What's the difference between flush() and commit()?,/questions/4201455/sqlalchemy-whats-the-difference-between-flush-and-commit?noredirect=1,

58
,/q/2334824,
How to increase a counter in SQLAlchemy,/questions/2334824/how-to-increase-a-counter-in-sqlalchemy?noredirect=1,

7
,/q/27351433,
SQLAlchemy, Serializable transactions isolation and retries in idiomatic Python way,/questions/27351433/sqlalchemy-serializable-transactions-isolation-and-retries-in-idiomatic-python?noredirect=1,

8
,/q/52391072,
creating and appending to a list in SQLAlchemy database table,/questions/52391072/creating-and-appending-to-a-list-in-sqlalchemy-database-table?noredirect=1,

3
,/q/42286583,
Postgres and SqlAlchemy not updating rows properly,/questions/42286583/postgres-and-sqlalchemy-not-updating-rows-properly?noredirect=1,

1
,/q/54330361,
How to update rows in SQL database using SQLAlchemy and pandas (simple way),/questions/54330361/how-to-update-rows-in-sql-database-using-sqlalchemy-and-pandas-simple-way?noredirect=1,

1
,/q/58431932,
How to update SQLite table based on checkbox value in Flask?,/questions/58431932/how-to-update-sqlite-table-based-on-checkbox-value-in-flask?noredirect=1,

1
,/q/65107156,
How can I get/set an SqlAlchemy query value with the Column object,/questions/65107156/how-can-i-get-set-an-sqlalchemy-query-value-with-the-column-object?noredirect=1,

0
,/q/73158148,
Python SQLAlchemy - How to combine two updates into one?,/questions/73158148/python-sqlalchemy-how-to-combine-two-updates-into-one?noredirect=1,
See more linked questions,/questions/linked/9667138,

6553
,/q/38987,
How do I merge two dictionaries in a single expression?,/questions/38987/how-do-i-merge-two-dictionaries-in-a-single-expression,

3229
,/q/53513,
How do I check if a list is empty?,/questions/53513/how-do-i-check-if-a-list-is-empty,

6854
,/q/82831,
How do I check whether a file exists without exceptions?,/questions/82831/how-do-i-check-whether-a-file-exists-without-exceptions,

5863
,/q/89228,
How do I execute a program or call a system command?,/questions/89228/how-do-i-execute-a-program-or-call-a-system-command,

5401
,/q/273192,
How can I safely create a nested directory?,/questions/273192/how-can-i-safely-create-a-nested-directory,

3650
,/q/415511,
How do I get the current time?,/questions/415511/how-do-i-get-the-current-time,

3416
,/q/613183,
How do I sort a dictionary by value?,/questions/613183/how-do-i-sort-a-dictionary-by-value,

4959
,/q/952914,
How do I make a flat list out of a list of lists?,/questions/952914/how-do-i-make-a-flat-list-out-of-a-list-of-lists,

3467
,/q/3207219,
How do I list all files of a directory?,/questions/3207219/how-do-i-list-all-files-of-a-directory,

3707
,/q/16476924,
How to iterate over rows in a DataFrame in Pandas,/questions/16476924/how-to-iterate-over-rows-in-a-dataframe-in-pandas,

            Hot Network Questions
        ,https://stackexchange.com/questions?tab=hot,

                    What is the meaning of char foo(|10|) in C?
                ,https://stackoverflow.com/questions/74806752/what-is-the-meaning-of-char-foo10-in-c,

                    How to run an encounter against a sleeping party, utilising a homebrew system
                ,https://rpg.stackexchange.com/questions/203465/how-to-run-an-encounter-against-a-sleeping-party-utilising-a-homebrew-system,

                    Story about a cartoonist drawing a fictional man under trial and finding out the man exists and has sculpted his gravestone
                ,https://scifi.stackexchange.com/questions/270294/story-about-a-cartoonist-drawing-a-fictional-man-under-trial-and-finding-out-the,

                    Make every consonant after a vowel uppercase
                ,https://codegolf.stackexchange.com/questions/255604/make-every-consonant-after-a-vowel-uppercase,

                    Why do firmware and drivers have to be separate?
                ,https://superuser.com/questions/1758062/why-do-firmware-and-drivers-have-to-be-separate,

                    Can I safely run nm-b below 8' exposed perpendicularly between stud cavities in an unfinished garage?
                ,https://diy.stackexchange.com/questions/262639/can-i-safely-run-nm-b-below-8-exposed-perpendicularly-between-stud-cavities-in,

                    How should factored-out code be tested as part of the TDD refactoring step?
                ,https://softwareengineering.stackexchange.com/questions/442852/how-should-factored-out-code-be-tested-as-part-of-the-tdd-refactoring-step,

                    why the use of: "mystery " instead of: "mysterious" in this case?
                ,https://ell.stackexchange.com/questions/329270/why-the-use-of-mystery-instead-of-mysterious-in-this-case,

                    Typesetting bilinear operators in second quantisation
                ,https://tex.stackexchange.com/questions/668772/typesetting-bilinear-operators-in-second-quantisation,

                    Would an obscene contract be enforceable?
                ,https://law.stackexchange.com/questions/87280/would-an-obscene-contract-be-enforceable,

                    Why are Ethernet MAC and PHY separate?
                ,https://electronics.stackexchange.com/questions/646531/why-are-ethernet-mac-and-phy-separate,

                    Practice to minimize finger pressure on guitar strings?
                ,https://music.stackexchange.com/questions/126431/practice-to-minimize-finger-pressure-on-guitar-strings,

                    I am confused about the way a common home router works: Shouldn’t the MAC addresses be enough to forward the information to the correct destination?
                ,https://superuser.com/questions/1757714/i-am-confused-about-the-way-a-common-home-router-works-shouldn-t-the-mac-addres,

                    Approximate my atomic weight
                ,https://codegolf.stackexchange.com/questions/255521/approximate-my-atomic-weight,

                    Alternate proofs of homotopy excision theorem
                ,https://mathoverflow.net/questions/436730/alternate-proofs-of-homotopy-excision-theorem,

                    Gaussian process with Matérn kernel on a finite domain with periodic boundary conditions
                ,https://stats.stackexchange.com/questions/599267/gaussian-process-with-mat%c3%a9rn-kernel-on-a-finite-domain-with-periodic-boundary-co,

                    How can I make the people at my company understand that learning a spoken and written language takes time?
                ,https://workplace.stackexchange.com/questions/189049/how-can-i-make-the-people-at-my-company-understand-that-learning-a-spoken-and-wr,

                    Fill in small 'islands' with surrounding raster pixel values
                ,https://gis.stackexchange.com/questions/447771/fill-in-small-islands-with-surrounding-raster-pixel-values,

                    Is there criminal or civil liability for sabotaging or lying about the use of contraception, which then results in a pregnancy?
                ,https://law.stackexchange.com/questions/87237/is-there-criminal-or-civil-liability-for-sabotaging-or-lying-about-the-use-of-co,

                    What happens if you don't pay a bank's account closing fees in the U.S?
                ,https://money.stackexchange.com/questions/154177/what-happens-if-you-dont-pay-a-banks-account-closing-fees-in-the-u-s,

                    What do you call it when you write the next word in a sequence twice instead of the current and next word?
                ,https://linguistics.stackexchange.com/questions/45782/what-do-you-call-it-when-you-write-the-next-word-in-a-sequence-twice-instead-of,

                    Why does this amplifier distort a triangle wave?
                ,https://electronics.stackexchange.com/questions/646604/why-does-this-amplifier-distort-a-triangle-wave,

                    Extra alignment tab has been changed to \cr
                ,https://tex.stackexchange.com/questions/668745/extra-alignment-tab-has-been-changed-to-cr,

                    In "klinget Glöckchen klinget", is "klinget" the imperative form?
                ,https://german.stackexchange.com/questions/72485/in-klinget-gl%c3%b6ckchen-klinget-is-klinget-the-imperative-form,

            more hot questions
        ,#,


            Question feed
        ,/feeds/question/9667138,


,#,
,https://stackoverflow.com,
Stack Overflow,https://stackoverflow.com,
Questions,/questions,
Help,/help,
Products,https://stackoverflow.co/,
Teams,https://stackoverflow.co/teams,
Advertising,https://stackoverflow.co/advertising,
Collectives,https://stackoverflow.co/collectives,
Talent,https://stackoverflow.co/talent,
Company,https://stackoverflow.co/,
About,https://stackoverflow.co/,
Press,https://stackoverflow.co/company/press,
Work Here,https://stackoverflow.co/company/work-here,
Legal,https://stackoverflow.com/legal,
Privacy Policy,https://stackoverflow.com/legal/privacy-policy,
Terms of Service,https://stackoverflow.com/legal/terms-of-service,
Contact Us,https://stackoverflow.co/company/contact,
Cookie Settings,#,
Cookie Policy,https://stackoverflow.com/legal/cookie-policy,
Stack Exchange Network,https://stackexchange.com,

                                    Technology
                                ,https://stackexchange.com/sites#technology,

                                    Culture & recreation
                                ,https://stackexchange.com/sites#culturerecreation,

                                    Life & arts
                                ,https://stackexchange.com/sites#lifearts,

                                    Science
                                ,https://stackexchange.com/sites#science,

                                    Professional
                                ,https://stackexchange.com/sites#professional,

                                    Business
                                ,https://stackexchange.com/sites#business,

                                    API
                                ,https://api.stackexchange.com/,

                                    Data
                                ,https://data.stackexchange.com/,
Blog,https://stackoverflow.blog?blb=1,
Facebook,https://www.facebook.com/officialstackoverflow/,
Twitter,https://twitter.com/stackoverflow,
LinkedIn,https://linkedin.com/company/stack-overflow,
Instagram,https://www.instagram.com/thestackoverflow,
CC BY-SA,https://stackoverflow.com/help/licensing,
Cookie Policy,https://stackoverflow.com/legal/cookie-policy,
